u_q,coolant,stator_winding,u_d,stator_tooth,motor_speed,i_d,i_q,pm,stator_yoke,ambient,torque,profile_id
-0.450681507587432,18.8051719665527,19.086669921875,-0.350054591894149,18.2932186126709,0.00286556780338287,0.00441913679242134,0.000328102178173139,24.554214477539,18.3165473937988,19.8506908416748,0.187100797891616,17
-0.325736999511718,18.8185710906982,19.0923900604248,-0.305803000926971,18.294807434082,0.000256781670032069,0.000605872366577386,-0.000785352662205696,24.5380783081054,18.3149547576904,19.8506717681884,0.245417490601539,17
-0.440864026546478,18.8287696838378,19.0893802642822,-0.372502624988555,18.2940940856933,0.00235497136600315,0.00128958711866289,0.000386468193028122,24.544692993164,18.3263072967529,19.8506565093994,0.176615342497825,17
-0.327025681734085,18.8355674743652,19.0830307006835,-0.316198706626892,18.2925415039062,0.00610466580837965,2.56E-05,0.00204566097818315,24.5540180206298,18.3308334350585,19.8506469726562,0.238302707672119,17
-0.471150130033493,18.8570327758789,19.0825252532959,-0.332272142171859,18.2914276123046,0.00313282292336225,-0.0643167793750763,0.0371837764978408,24.5653972625732,18.3266620635986,19.8506393432617,0.208196654915809,17
-0.538972616195678,18.9015483856201,19.0771083831787,0.00914747267961502,18.2906284332275,0.00963612366467714,-0.613635241985321,0.336747348308563,24.5736007690429,18.3238620758056,19.8506336212158,0.476217836141586,17
-0.653148472309112,18.9417114257812,19.0745830535888,0.238889694213867,18.2925243377685,0.00133701239246875,-1.00564730167388,0.554211258888244,24.5765781402587,18.3219356536865,19.8506298065185,0.670015335083007,17
-0.758391559123992,18.9608612060546,19.082498550415,0.395099252462387,18.2940406799316,0.00142195750959217,-1.28838372230529,0.706369996070861,24.5749492645263,18.314655303955,19.8506278991699,0.752035498619079,17
-0.727128446102142,18.9735450744628,19.0855331420898,0.546622514724731,18.2919635772705,0.000576552585698664,-1.49053049087524,0.817339479923248,24.5670795440673,18.3069248199462,19.8506259918212,0.910541415214538,17
-0.874307453632354,18.9878120422363,19.0760250091552,0.578943967819213,18.2872333526611,-0.00124787958338856,-1.63446354866027,0.89801287651062,24.5532417297363,18.3017330169677,19.8506240844726,0.924009799957275,17
-0.766983985900878,18.998701095581,19.0780544281005,0.689281404018402,18.2865028381347,0.00185267522465437,-1.73920786380767,0.952029526233673,24.5342292785644,18.3054161071777,19.850622177124,1.03353810310363,17
-0.891274869441986,19.0043029785156,19.0831623077392,0.68049931526184,18.2892990112304,-0.00414246134459972,-1.81212568283081,0.995459973812103,24.5189208984375,18.3035926818847,19.8769588470459,1.03178453445434,17
-0.843743920326232,18.9900608062744,19.0895748138427,0.732882916927337,18.2870635986328,0.00336326728574931,-1.86698985099792,1.02293062210083,24.5083770751953,18.3122215270996,19.9029655456542,1.08085441589355,17
-0.808621644973754,18.9654350280761,19.1019134521484,0.810526609420776,18.2845306396484,-0.00356532516889274,-1.90373051166534,1.04555320739746,24.5016765594482,18.3137969970703,19.8519630432128,1.11540412902832,17
-0.886074423789978,18.9291057586669,19.101842880249,0.796229839324951,18.2849922180175,-0.000580390216782689,-1.93122780323028,1.05921947956085,24.4767131805419,18.3199615478515,19.8522281646728,1.08907926082611,17
-0.826320052146911,18.8804721832275,19.0967388153076,0.843889653682708,18.285400390625,0.000280461536021903,-1.94955265522003,1.07179296016693,24.4596920013427,18.3325653076171,19.8519630432128,1.15120267868042,17
-0.945092260837554,18.8395175933837,19.0927371978759,0.80104911327362,18.2853469848632,-0.00145186553709208,-1.9655350446701,1.07693982124328,24.4581451416015,18.3305740356445,19.9239158630371,1.0966111421585,17
-0.842017173767089,18.8072853088378,19.0923385620117,0.851180732250213,18.2853069305419,-0.00153862091246992,-1.97430801391601,1.08458364009857,24.4674186706542,18.3225364685058,19.9031391143798,1.16332280635833,17
-0.961187124252319,18.7790718078613,19.0918579101562,0.808190762996673,18.2852802276611,-0.00326309283263981,-1.98145294189453,1.08836078643798,24.4780006408691,18.3173961639404,19.8882503509521,1.12182056903839,17
-0.91281658411026,18.7737312316894,19.0941429138183,0.833553671836853,18.2840270996093,0.000786952732596546,-1.98819518089294,1.08774268627166,24.4832935333251,18.3109760284423,19.8775844573974,1.11481130123138,17
-0.916470885276794,18.8009452819824,19.102876663208,0.827922523021698,18.2842826843261,-0.00127908447757363,-1.99088644981384,1.09275424480438,24.5084781646728,18.3089542388916,19.8699398040771,1.12090516090393,17
-0.945531785488128,18.8354701995849,19.1078968048095,0.811725199222564,18.2842769622802,0.00144672393798828,-1.99465751647949,1.09175992012023,24.5309371948242,18.3062400817871,19.8644638061523,1.11026060581207,17
-0.864643573760986,18.8471145629882,19.1029262542724,0.844667553901672,18.2848091125488,0.00265090190805494,-1.99502420425415,1.09599697589874,24.538719177246,18.3022079467773,19.8605403900146,1.17217373847961,17
-0.974432528018951,18.8568687438964,19.099063873291,0.80317085981369,18.285888671875,0.000162570097018033,-1.99770259857177,1.0933825969696,24.5302562713623,18.3011684417724,19.8577270507812,1.11577534675598,17
-0.42177414894104,18.8852500915527,19.09810256958,0.665909528732299,18.2885112762451,4.78829336166381,-2.0997200012207,2.06277394294738,24.523567199707,18.3008518218994,19.855712890625,0.638446748256683,17
5.69266605377197,18.9361248016357,19.0902004241943,-1.20516037940979,18.292667388916,117.777488708496,-3.1912145614624,11.2967281341552,24.5255794525146,18.3039779663085,19.8542690277099,2.6897075176239,17
16.2764854431152,18.9676494598388,19.0824928283691,-6.80525636672973,18.2932567596435,333.672149658203,-6.21300411224365,26.6705055236816,24.4876289367675,18.3212585449218,19.8532352447509,10.8585624694824,17
30.2929306030273,18.9746532440185,19.0823783874511,-14.6665229797363,18.2919406890869,630.395324707031,-8.84118461608886,39.1791305541992,24.4620265960693,18.3304576873779,19.8524932861328,18.124547958374,17
46.8207817077636,18.9849262237548,19.0890045166015,-23.7470874786376,18.2891464233398,984.875854492187,-10.7247505187988,48.1426124572753,24.4409980773925,18.3231163024902,19.8519630432128,23.2641658782959,17
65.2615737915039,18.9944953918457,19.0778045654296,-33.4334259033203,18.2861003875732,1380.68493652343,-11.984372138977,54.3949928283691,24.4357395172119,18.3170375823974,19.8515815734863,26.6445541381835,17
84.1160659790039,18.9946117401123,19.0585308074951,-36.399917602539,18.2839183807373,1806.12451171875,-13.8594741821289,51.282241821289,24.4307765960693,18.3141498565673,19.8513088226318,23.393009185791,17
91.3332748413086,18.9948139190673,19.0493412017822,-46.9629898071289,18.2805042266845,2252.7548828125,-32.1719818115234,54.0188751220703,24.3654708862304,18.3129692077636,19.8511142730712,26.7597541809082,17
94.8302612304687,18.9759368896484,19.0524196624755,-56.5373764038085,18.2770156860351,2714.52392578125,-52.6334724426269,55.1797866821289,24.2858982086181,18.3159008026123,19.850975036621,29.1043472290039,17
95.6865310668945,18.9411067962646,19.0819377899169,-65.2802429199218,18.2763652801513,3187.17358398437,-73.0069198608398,55.3083267211914,24.2647361755371,18.3141899108886,19.8508739471435,30.668809890747,17
94.4420928955078,18.9101200103759,19.0802917480468,-72.8537521362304,18.2775592803955,3662.76733398437,-92.4596557617187,54.7163352966308,24.3729705810546,18.3079833984375,19.8508014678955,32.5695648193359,17
93.5652236938476,18.8745155334472,19.0531787872314,-78.1606216430664,18.2855491638183,4041.96704101562,-107.046577453613,54.1311454772949,24.4583206176757,18.3185310363769,19.8507499694824,37.0131645202636,17
92.9879531860351,18.8469734191894,19.063886642456,-82.0872268676757,18.3222427368164,4313.6005859375,-117.414024353027,53.7848854064941,24.3884887695312,18.3351306915283,19.8507137298584,40.2869529724121,17
92.5469131469726,18.8238983154296,19.1517848968505,-84.7821655273437,18.3521156311035,4508.1884765625,-124.772254943847,53.489444732666,24.4050559997558,18.3550453186035,19.8506870269775,42.57666015625,17
92.4038543701171,18.7988014221191,19.2687892913818,-86.7397842407226,18.3545761108398,4647.59716796875,-130.019500732421,53.2980575561523,24.3510608673095,18.3682842254638,19.8506679534912,44.2404022216796,17
92.2059097290039,18.7858810424804,19.3284664154052,-88.0908279418945,18.3641872406005,4747.486328125,-133.854202270507,53.1298828125,24.3199195861816,18.3771057128906,19.8506546020507,45.4703330993652,17
92.0967330932617,18.7939987182617,19.3658370971679,-89.0704040527343,18.3547458648681,4819.05224609375,-136.546630859375,53.0178604125976,24.3726787567138,18.4039421081542,19.8506450653076,46.2697868347168,17
92.0114822387695,18.8182945251464,19.4084453582763,-89.8760223388671,18.3396224975585,4870.3310546875,-138.456192016601,52.977725982666,24.4568538665771,18.4284019470214,19.850637435913,46.8915061950683,17
91.9766693115234,18.8277320861816,19.4998378753662,-90.3504867553711,18.3683109283447,4907.0751953125,-139.764923095703,52.9099769592285,24.4943504333496,18.4421806335449,19.8506336212158,47.2939109802246,17
91.6917037963867,18.8381252288818,19.5221729278564,-90.8491134643554,18.3958148956298,4933.40966796875,-140.74494934082,52.8604736328125,24.5679092407226,18.44553565979,19.8506298065185,47.6276550292968,17
91.6900329589843,18.8775825500488,19.474287033081,-91.2406845092773,18.4189758300781,4952.2763671875,-141.373916625976,52.9092788696289,24.6321125030517,18.4463138580322,19.8506259918212,47.8595886230468,17
91.5516967773437,18.936710357666,19.484992980957,-91.4311294555664,18.4843940734863,4965.794921875,-141.89973449707,52.8890571594238,24.7080459594726,18.4472980499267,19.8506240844726,48.0272979736328,17
91.5039978027343,18.9687614440917,19.5622978210449,-91.5425720214843,18.5453968048095,4975.4814453125,-142.184997558593,52.8353729248046,24.7205200195312,18.4439525604248,19.8506240844726,48.1158485412597,17
91.4202270507812,18.9830360412597,19.6383914947509,-91.691780090332,18.6100692749023,4982.42138671875,-142.430953979492,52.8386726379394,24.7244205474853,18.4487228393554,19.850622177124,48.2046279907226,17
91.3238677978515,18.9927291870117,19.6920738220214,-91.6855087280273,18.6997394561767,4987.3896484375,-142.67268371582,52.7860603332519,24.7358818054199,18.4548912048339,19.850622177124,48.1838455200195,17
91.210464477539,19.0074710845947,19.7370166778564,-91.676284790039,18.7799892425537,4990.94775390625,-142.807266235351,52.726505279541,24.7463569641113,18.4585342407226,19.850622177124,48.3470001220703,17
91.3033447265625,19.0247459411621,19.7692203521728,-91.6197967529296,18.857229232788,4993.49267578125,-143.002868652343,52.7153816223144,24.8545608520507,18.4621105194091,19.8506202697753,48.4045448303222,17
91.3177871704101,19.0358028411865,19.7922935485839,-91.6091232299804,18.9237060546875,4995.330078125,-143.257537841796,52.7492065429687,24.8968315124511,18.4613208770751,19.8506202697753,48.5098609924316,17
91.5039596557617,19.0159740447998,19.8224220275878,-91.5471725463867,18.9620838165283,4996.64111328125,-143.35740661621,52.7572784423828,24.8816375732421,18.4907436370849,19.8506202697753,48.5469703674316,17
91.6320266723632,18.9673061370849,19.8744525909423,-91.4458236694336,18.9837493896484,4997.576171875,-143.497589111328,52.7560653686523,24.887523651123,18.5286788940429,19.8506202697753,48.5333976745605,17
91.7281341552734,18.9307556152343,19.9832687377929,-91.4430160522461,19.0192832946777,4998.25927734375,-143.597579956054,52.7650604248046,24.9354572296142,18.5428276062011,19.8506202697753,48.4661026000976,17
91.6963729858398,18.8910331726074,20.1495742797851,-91.4967422485351,19.0420322418212,4998.74267578125,-143.617004394531,52.7702827453613,24.9843063354492,18.5676002502441,19.8506202697753,48.4401626586914,17
91.8018722534179,18.8473529815673,20.391466140747,-91.4288253784179,19.0546512603759,4999.08154296875,-143.569702148437,52.7237586975097,25.06441116333,18.5888862609863,19.8506202697753,48.3516960144043,17
91.7253723144531,18.8169231414794,20.7050228118896,-91.5869140625,19.0895690917968,4999.33203125,-143.613677978515,52.7715301513671,25.0913925170898,18.6091403961181,19.8506202697753,48.3840255737304,17
91.7433853149414,18.7900485992431,20.9004764556884,-91.5607757568359,19.1759223937988,4999.501953125,-143.51382446289,52.7367897033691,25.1345443725585,18.6218147277832,19.8506202697753,48.3837585449218,17
91.685920715332,18.775930404663,21.0301837921142,-91.5956420898437,19.2476501464843,4999.62646484375,-143.474975585937,52.7459754943847,25.1438045501709,18.6242542266845,19.8506202697753,48.3618049621582,17
91.604248046875,18.7863807678222,21.1604900360107,-91.6646575927734,19.2942447662353,4999.7333984375,-143.461013793945,52.7972373962402,25.1932201385498,18.6295471191406,19.8506202697753,48.3632354736328,17
91.5041732788086,18.8125457763671,21.2675399780273,-91.6887283325195,19.3723583221435,4999.796875,-143.322601318359,52.7740211486816,25.221752166748,18.6373558044433,19.8506202697753,48.3503684997558,17
91.6271133422851,18.8348217010498,21.4882793426513,-91.7686538696289,19.4661693572998,4999.83837890625,-143.164367675781,52.8232307434082,25.2653274536132,18.6578350067138,19.8506202697753,48.3947219848632,17
91.6698760986328,18.8430824279785,21.7503662109375,-91.8311233520507,19.5481719970703,4999.87353515625,-143.072402954101,52.8329353332519,25.3053283691406,18.707649230957,19.8506202697753,48.4042015075683,17
91.6608734130859,18.8652362823486,21.9539203643798,-91.9279098510742,19.6089038848876,4999.89794921875,-143.013473510742,52.874713897705,25.3482208251953,18.7709827423095,19.8506202697753,48.3841896057128,17
91.6699905395507,18.9086227416992,22.1522197723388,-91.949592590332,19.6513767242431,4999.91015625,-142.934326171875,52.8795852661132,25.3577003479003,18.8177680969238,19.8506202697753,48.3969116210937,17
91.5746307373046,18.9464225769042,22.3621063232421,-91.9998168945312,19.6972312927246,4999.92236328125,-142.918045043945,52.8845710754394,25.376012802124,18.85618019104,19.8506202697753,48.3430747985839,17
91.3585968017578,18.9741668701171,22.5753078460693,-92.1319274902343,19.737548828125,4999.935546875,-142.842330932617,52.8583831787109,25.4157905578613,18.8943939208984,19.8506202697753,48.4203186035156,17
91.3666534423828,18.993236541748,22.7966957092285,-92.1397323608398,19.7669773101806,4999.93603515625,-142.771453857421,52.8723487854003,25.4988899230957,18.9141502380371,19.8506202697753,48.3960151672363,17
91.2533721923828,19.0071125030517,23.0473155975341,-92.1759719848632,19.7899913787841,4999.9453125,-142.767822265625,52.8588562011718,25.6004047393798,18.9319152832031,19.8506202697753,48.3766746520996,17
91.1962280273437,19.0209808349609,23.2557468414306,-92.1409606933593,19.8071784973144,4999.95068359375,-142.750885009765,52.8291435241699,25.6627960205078,18.9440402984619,19.8506202697753,48.3683433532714,17
91.1364212036132,19.0130348205566,23.3476295471191,-92.069351196289,19.8194923400878,4999.9521484375,-142.781341552734,52.8055419921875,25.6594352722167,18.9615879058837,19.8506202697753,48.3769569396972,17
91.0865249633789,18.9846611022949,23.3808536529541,-92.0302047729492,19.8283157348632,4999.9541015625,-142.867492675781,52.8038520812988,25.6825332641601,18.9946880340576,19.8506202697753,48.4071807861328,17
91.0305404663086,18.9528942108154,23.4247665405273,-92.0211486816406,19.834638595581,4999.95361328125,-142.889373779296,52.780906677246,25.7139263153076,19.0334587097167,19.8506202697753,48.3826713562011,17
91.2231826782226,18.9056720733642,23.5064907073974,-91.8405456542968,19.8391685485839,4999.94873046875,-142.945648193359,52.7531585693359,25.7714138031005,19.0586280822753,19.8506202697753,48.4828414916992,17
91.4049377441406,18.8619480133056,23.7025775909423,-91.7992248535156,19.842414855957,4999.95751953125,-143.032043457031,52.813247680664,25.8392868041992,19.0759201049804,19.8506202697753,48.4607353210449,17
91.5248870849609,18.832420349121,23.9504623413085,-91.6534118652343,19.844741821289,4999.955078125,-143.13948059082,52.7796630859375,25.880931854248,19.094367980957,19.8506202697753,48.3945159912109,17
91.6134796142578,18.8083457946777,24.1628131866455,-91.6483001708984,19.8464069366455,4999.96044921875,-143.239196777343,52.7800636291503,25.932897567749,19.1069374084472,19.8506202697753,48.4311141967773,17
91.7205505371093,18.7860984802246,24.3757457733154,-91.5617599487304,19.8476009368896,4999.96044921875,-143.256072998046,52.7766494750976,25.8965072631835,19.130859375,19.8506202697753,48.3785705566406,17
91.6861190795898,18.7788829803466,24.5383167266845,-91.5801773071289,19.8484573364257,4999.958984375,-143.203308105468,52.7815780639648,25.8442096710205,19.14937210083,19.8506202697753,48.4124946594238,17
91.7511901855468,18.7816543579101,24.6487274169921,-91.6267623901367,19.9082908630371,4999.951171875,-143.145309448242,52.8129844665527,25.9102249145507,19.1679859161376,19.8506202697753,48.4296073913574,17
91.6760559082031,18.8005905151367,24.7192974090576,-91.712417602539,19.9253311157226,4999.9560546875,-143.149185180664,52.8212280273437,25.9928245544433,19.184419631958,19.8506202697753,48.3568305969238,17
91.6026229858398,18.8290748596191,24.8283443450927,-91.7338104248046,19.983112335205,4999.95263671875,-143.132675170898,52.8091812133789,26.0061264038085,19.2040576934814,19.8506202697753,48.3744049072265,17
91.5195693969726,18.8447818756103,24.9779624938964,-91.7749404907226,20.1473751068115,4999.95361328125,-143.116806030273,52.7994842529296,26.0334720611572,19.2239608764648,19.8506202697753,48.3570175170898,17
91.4989624023437,18.8822002410888,25.0682582855224,-91.8478164672851,20.2703800201416,4999.958984375,-143.040893554687,52.8073272705078,26.092580795288,19.2465915679931,19.8506202697753,48.3312225341796,17
91.3488464355468,18.9394207000732,25.1302909851074,-91.9013671875,20.3366069793701,4999.95849609375,-142.951339721679,52.7680778503418,26.131233215332,19.2599239349365,19.8506202697753,48.4160690307617,17
91.4366378784179,18.9834251403808,25.2965259552001,-92.0875473022461,20.5611019134521,4999.96142578125,-142.832855224609,52.8737068176269,26.2121353149414,19.2677726745605,19.8506202697753,48.4635734558105,17
91.5119552612304,19.0185470581054,25.4582805633544,-92.0867614746093,20.8291778564453,4999.95654296875,-142.719329833984,52.8806037902832,26.2982501983642,19.3000793457031,19.8506202697753,48.4029121398925,17
91.474739074707,19.0320777893066,25.5468616485595,-92.1044769287109,21.028522491455,4999.955078125,-142.684432983398,52.8749046325683,26.308235168457,19.3214473724365,19.8506202697753,48.2977676391601,17
91.4150695800781,19.0310726165771,25.6410865783691,-92.1231918334961,21.2508220672607,4999.95166015625,-142.666839599609,52.8644981384277,26.3357048034667,19.3579425811767,19.8506202697753,48.3090629577636,17
91.3528518676757,19.0254344940185,25.778242111206,-92.1961593627929,21.453929901123,4999.958984375,-142.608963012695,52.8797302246093,26.3514194488525,19.3968181610107,19.8506202697753,48.3193016052246,17
91.0682373046875,19.0172290802001,25.9372844696044,-92.3137512207031,21.641408920288,4999.962890625,-142.582534790039,52.8539085388183,26.4204635620117,19.4234714508056,19.8506202697753,48.4570922851562,17
91.1275024414062,18.9990196228027,26.0532608032226,-92.3738021850586,21.8074131011962,4999.95263671875,-142.453857421875,52.8962593078613,26.4849586486816,19.4321613311767,19.8506202697753,48.4016456604003,17
91.0054168701171,18.9620761871337,26.1539573669433,-92.3701477050781,21.9604911804199,4999.9599609375,-142.511367797851,52.8724060058593,26.5438919067382,19.4382972717285,19.8506202697753,48.3635025024414,17
90.9494094848632,18.913179397583,26.2338962554931,-92.3286209106445,22.0788516998291,4999.95849609375,-142.532196044921,52.8319282531738,26.5836448669433,19.4628257751464,19.8506202697753,48.3516693115234,17
90.9319534301757,18.8636074066162,26.2841491699218,-92.2552185058593,22.1936836242675,4999.96240234375,-142.569412231445,52.7921676635742,26.6325035095214,19.4854736328125,19.8506202697753,48.3765220642089,17
90.9690780639648,18.8208312988281,26.3300132751464,-92.1553878784179,22.2886562347412,4999.95947265625,-142.64094543457,52.8057899475097,26.7196807861328,19.5109882354736,19.8506202697753,48.4260025024414,17
90.8880004882812,18.7963981628417,26.392234802246,-92.1150665283203,22.3929767608642,4999.95654296875,-142.759552001953,52.7883110046386,26.7806987762451,19.5309429168701,19.8506202697753,48.3954429626464,17
91.1134338378906,18.7897357940673,26.5500698089599,-92.0005340576171,22.5113067626953,4999.94970703125,-142.81021118164,52.7907600402832,26.7921142578125,19.5443096160888,19.8506202697753,48.3975105285644,17
91.306167602539,18.7822933197021,26.8616981506347,-91.8976974487304,22.6332092285156,4999.95458984375,-142.902450561523,52.8043670654296,26.7897453308105,19.5561656951904,19.8506202697753,48.3995780944824,17
91.5076751708984,18.778673171997,27.1050662994384,-91.7096710205078,22.7619590759277,4999.95361328125,-142.920532226562,52.76118850708,26.7871074676513,19.5844783782959,19.8506202697753,48.4365730285644,17
91.6220397949218,18.7798538208007,27.2438049316406,-91.7200012207031,22.869514465332,4999.96044921875,-142.961654663085,52.797565460205,26.7869853973388,19.6124610900878,19.8506202697753,48.3910751342773,17
91.6060638427734,18.7952232360839,27.4346561431884,-91.7576599121093,22.9515171051025,4999.96533203125,-143.027938842773,52.8252067565918,26.8350448608398,19.637559890747,19.8506202697753,48.3839836120605,17
91.4691772460937,18.8184223175048,27.6075687408447,-91.7716979980468,23.0216922760009,4999.96533203125,-143.022888183593,52.8048057556152,26.9402408599853,19.6513500213623,19.8506202697753,48.4269561767578,17
91.5051727294921,18.8590908050537,27.7115879058837,-91.8579177856445,23.0743770599365,4999.94970703125,-142.954315185546,52.8296432495117,26.9841423034667,19.6684303283691,19.8506202697753,48.378547668457,17
91.4773864746093,18.9180278778076,27.7870330810546,-91.850830078125,23.1051845550537,4999.95166015625,-142.911361694335,52.8030586242675,26.9945678710937,19.6965293884277,19.8506202697753,48.3524627685546,17
91.4269790649414,18.9497165679931,27.8549251556396,-91.9471817016601,23.1463356018066,4999.95947265625,-142.878707885742,52.8373298645019,27.0463161468505,19.7231159210205,19.8506202697753,48.3815574645996,17
91.440185546875,18.9858589172363,27.9615116119384,-91.9460678100586,23.1790885925292,4999.9599609375,-142.794219970703,52.8168983459472,27.0519790649414,19.7403926849365,19.8506202697753,48.4547042846679,17
91.3705215454101,19.0168991088867,28.0679588317871,-92.0085525512695,23.234354019165,4999.9599609375,-142.785781860351,52.8328056335449,27.0979194641113,19.7538471221923,19.8506202697753,48.3679885864257,17
91.3307266235351,19.0399932861328,28.0935897827148,-92.1367721557617,23.3040733337402,4999.962890625,-142.587219238281,52.8472328186035,27.1445732116699,19.7698154449462,19.8506202697753,48.4220581054687,17
91.4039764404296,19.0448532104492,28.228120803833,-92.1555404663086,23.3697319030761,4999.95751953125,-142.50422668457,52.8737258911132,27.202766418457,19.7883567810058,19.8506202697753,48.3395500183105,17
91.3135757446289,19.0159111022949,28.4427108764648,-92.1861114501953,23.4344139099121,4999.9560546875,-142.561721801757,52.8652153015136,27.2603683471679,19.8009929656982,19.8506202697753,48.3625907897949,17
91.3363494873046,18.9796047210693,28.5762329101562,-92.2325286865234,23.476879119873,4999.95556640625,-142.475677490234,52.911506652832,27.2957553863525,19.8126258850097,19.8506202697753,48.3933753967285,17
91.3284530639648,18.9317970275878,28.7005252838134,-92.2813491821289,23.5451946258544,4999.951171875,-142.385070800781,52.8843994140625,27.3203105926513,19.8221626281738,19.8506202697753,48.4151344299316,17
91.1663055419921,18.8869323730468,28.8685283660888,-92.4790878295898,23.622537612915,4999.9541015625,-142.428878784179,52.9381217956543,27.317138671875,19.8283004760742,19.8506202697753,48.4332656860351,17
90.9095306396484,18.8514289855957,29.0324573516845,-92.5458602905273,23.7250747680664,4999.958984375,-142.398849487304,52.9098281860351,27.3665733337402,19.8339309692382,19.8506202697753,48.4719772338867,17
90.9220962524414,18.8263206481933,29.2090911865234,-92.4812622070312,23.8085136413574,4999.951171875,-142.334915161132,52.8678894042968,27.4337081909179,19.8386631011962,19.8506202697753,48.4428749084472,17
90.8539505004882,18.8014869689941,29.3722419738769,-92.4837265014648,23.9274597167968,4999.95849609375,-142.387054443359,52.9018173217773,27.4723472595214,19.8420524597167,19.8506202697753,48.4642181396484,17
90.8031692504882,18.7807350158691,29.5035877227783,-92.3727645874023,24.0830249786376,4999.96044921875,-142.451049804687,52.8438377380371,27.4784049987792,19.8444805145263,19.8506202697753,48.4078063964843,17
90.8677062988281,18.7843990325927,29.6086120605468,-92.307746887207,24.2502059936523,4999.958984375,-142.477386474609,52.8407402038574,27.4970245361328,19.8462219238281,19.8506202697753,48.4495544433593,17
90.8330001831054,18.7954959869384,29.7774276733398,-92.2056732177734,24.401081085205,4999.95849609375,-142.666305541992,52.8343620300293,27.5154724121093,19.8474674224853,19.8506202697753,48.4165229797363,17
90.8558959960937,18.806396484375,29.9914245605468,-92.0914535522461,24.5190696716308,4999.95849609375,-142.710723876953,52.8021621704101,27.5715904235839,19.8483619689941,19.8506202697753,48.4930953979492,17
91.0827560424804,18.8285942077636,30.1166172027587,-91.9665832519531,24.6060485839843,4999.95654296875,-142.776138305664,52.8148078918457,27.5872573852539,19.8490028381347,19.8506202697753,48.4463691711425,17
91.298110961914,18.8425731658935,30.1250419616699,-91.8978195190429,24.6640529632568,4999.95361328125,-142.814788818359,52.821044921875,27.6738052368164,19.8494606018066,19.8506202697753,48.416389465332,17
91.3914642333984,18.8696422576904,30.2401332855224,-91.844985961914,24.7031803131103,4999.96044921875,-142.878143310546,52.8236694335937,27.7789402008056,19.8497886657714,19.8506202697753,48.3762588500976,17
91.485122680664,18.919240951538,30.4531898498535,-91.8106384277343,24.743553161621,4999.962890625,-142.878463745117,52.839256286621,27.8407440185546,19.8500251770019,19.8506202697753,48.3244285583496,17
91.5308303833007,18.9518108367919,30.5478458404541,-91.7778625488281,24.809663772583,4999.95849609375,-142.830200195312,52.80419921875,27.8773498535156,19.8501930236816,19.8506202697753,48.2848358154296,17
91.3573913574218,18.9700508117675,30.6661128997802,-91.779670715332,24.8666744232177,4999.9619140625,-142.811141967773,52.781982421875,27.9168472290039,19.8503150939941,19.8642139434814,48.3229064941406,17
91.4069290161132,18.9873847961425,30.8414649963378,-91.8828430175781,24.9286422729492,4999.95068359375,-142.678665161132,52.8462142944335,27.9513511657714,19.8504009246826,19.8776359558105,48.3725814819335,17
91.3430252075195,19.0073547363281,30.9954223632812,-91.9911727905273,25.0261669158935,4999.95458984375,-142.662368774414,52.8909263610839,27.989797592163,19.8504638671875,19.8699779510498,48.3674278259277,17
91.3957901000976,19.011432647705,31.0629386901855,-92.0346298217773,25.1062355041503,4999.95703125,-142.537612915039,52.9085807800293,28.0176696777343,19.850507736206,19.8644905090332,48.3377838134765,17
91.3660202026367,18.9957389831542,31.1217555999755,-92.1300735473632,25.1847591400146,4999.95458984375,-142.471405029296,52.9277572631835,28.0289459228515,19.8505401611328,19.8605594635009,48.3768043518066,17
91.3157577514648,18.9743919372558,31.2559089660644,-92.1932373046875,25.2875175476074,4999.95361328125,-142.448303222656,52.9489555358886,28.0477085113525,19.8505630493164,19.8577423095703,48.3782882690429,17
91.1362533569336,18.9391479492187,31.3216438293457,-92.1885528564453,25.3785381317138,4999.962890625,-142.395706176757,52.8707313537597,28.0633850097656,19.8505783081054,19.8688907623291,48.3920860290527,17
91.2098236083984,18.885419845581,31.3684501647949,-92.2977066040039,25.4437561035156,4999.96240234375,-142.313613891601,52.9286231994628,28.0621719360351,19.8505897521972,19.8804473876953,48.3571624755859,17
91.1679000854492,18.8348731994628,31.4837894439697,-92.307746887207,25.5120773315429,4999.94921875,-142.322662353515,52.9315338134765,28.093786239624,19.8505992889404,19.871992111206,48.4183616638183,17
91.1343383789062,18.8199024200439,31.5779953002929,-92.4190063476562,25.5880088806152,4999.94970703125,-142.26106262207,52.9568099975585,28.1986999511718,19.8506050109863,19.8659343719482,48.416519165039,17
91.0770797729492,18.8331069946289,31.6119976043701,-92.3942947387695,25.6779060363769,4999.9501953125,-142.196212768554,52.9090270996093,28.2593898773193,19.8506088256835,19.9010982513427,48.3590507507324,17
90.9843673706054,18.8260173797607,31.6597862243652,-92.5126953125,25.7508373260498,4999.955078125,-142.17041015625,52.9555206298828,28.3294334411621,19.8506126403808,19.8611640930175,48.4229888916015,17
90.7666397094726,18.8083801269531,31.7804317474365,-92.6322860717773,25.809757232666,4999.96142578125,-142.106155395507,52.9461936950683,28.3205032348632,19.8506145477294,19.8629913330078,48.4795417785644,17
90.8139190673828,18.7992553710937,31.9749565124511,-92.6842880249023,25.8751583099365,4999.953125,-142.037307739257,52.9701614379882,28.3705024719238,19.8506164550781,19.8623809814453,48.472068786621,17
90.7370147705078,18.8028202056884,32.1387481689453,-92.5762405395507,25.9693889617919,4999.962890625,-142.140823364257,52.9370346069335,28.4545059204101,19.8506164550781,19.9422302246093,48.4755363464355,17
90.7483444213867,18.822021484375,32.2347564697265,-92.4817199707031,26.0753936767578,4999.955078125,-142.193923950195,52.8991966247558,28.4781398773193,19.8506183624267,19.9329986572265,48.4469108581543,17
90.8754501342773,18.864351272583,32.3174514770507,-92.3777465820312,26.1610889434814,4999.95361328125,-142.205337524414,52.8834648132324,28.4467334747314,19.8506183624267,19.909646987915,48.5099067687988,17
90.9699478149414,18.9098739624023,32.3850860595703,-92.2064590454101,26.2224922180175,4999.95263671875,-142.320556640625,52.8646087646484,28.467960357666,19.8697414398193,19.8929138183593,48.4625663757324,17
90.9685974121093,18.948013305664,32.4015388488769,-92.1390914916992,26.2634048461914,4999.95751953125,-142.429275512695,52.8506317138671,28.558084487915,19.8751029968261,19.8809261322021,48.516357421875,17
91.1796340942382,18.9832210540771,32.4831428527832,-92.0497589111328,26.2946834564209,4999.94873046875,-142.491943359375,52.8432579040527,28.6676216125488,19.8681640625,19.8723354339599,48.4975547790527,17
91.3329391479492,19.0032577514648,32.6024780273437,-91.9690780639648,26.3191814422607,4999.95947265625,-142.565841674804,52.8582954406738,28.7539844512939,19.8829307556152,19.8661785125732,48.4537048339843,17
91.4213256835937,19.0111446380615,32.7060050964355,-91.9457855224609,26.3373527526855,4999.95556640625,-142.56932067871,52.8429412841796,28.8139114379882,19.8849010467529,19.8617687225341,48.3174629211425,17
91.4397354125976,19.0136737823486,32.7842674255371,-91.9972991943359,26.3507194519042,4999.95751953125,-142.569442749023,52.8514862060546,28.8051033020019,19.9529094696044,19.8586082458496,48.2863006591796,17
91.4092254638671,19.0144119262695,32.8321647644043,-91.9238662719726,26.3602981567382,4999.95751953125,-142.569534301757,52.8508796691894,28.8192291259765,20.0466938018798,19.8563442230224,48.2292366027832,17
91.2030410766601,18.9978599548339,32.9254989624023,-91.9677429199218,26.3671607971191,4999.9541015625,-142.553070068359,52.8368453979492,28.8179931640625,20.2126731872558,19.8547210693359,48.2744255065918,17
91.3052215576171,18.9615268707275,33.1015472412109,-92.1027069091796,26.3720779418945,4999.951171875,-142.398742675781,52.8949661254882,28.868028640747,20.4855995178222,19.8535594940185,48.3125190734863,17
91.3348236083984,18.9384574890136,33.2544746398925,-92.1159057617187,26.3854713439941,4999.95556640625,-142.302383422851,52.8785438537597,28.945348739624,20.6967105865478,19.852725982666,48.3416481018066,17
91.3224411010742,18.9112472534179,33.3158836364746,-92.2455520629882,26.3907642364501,4999.95458984375,-142.244995117187,52.9440193176269,28.9349784851074,20.8463459014892,19.8521289825439,48.4034461975097,17
91.2781677246093,18.8762226104736,33.3670845031738,-92.267837524414,26.458080291748,4999.96044921875,-142.221984863281,52.9531593322753,28.9711513519287,20.9845123291015,19.8517017364501,48.348346710205,17
91.2550201416015,18.8449249267578,33.4993820190429,-92.3796234130859,26.5650081634521,4999.96044921875,-142.177093505859,52.9685745239257,28.9945850372314,21.0751705169677,19.8513946533203,48.391616821289,17
91.0406188964843,18.8210887908935,33.6849746704101,-92.4628601074218,26.6132736206054,4999.9638671875,-142.17219543457,52.9496917724609,29.0417175292968,21.0701293945312,19.8511753082275,48.4824752807617,17
91.1044006347656,18.8162841796875,33.8442916870117,-92.4753875732421,26.7761154174804,4999.95654296875,-142.078186035156,52.9320526123046,29.1594123840332,21.0923480987548,19.864610671997,48.4363403320312,17
91.0528717041015,18.8349895477294,33.9635276794433,-92.5823211669921,27.0337944030761,4999.9560546875,-142.079010009765,52.960464477539,29.2001190185546,21.1928577423095,19.8915138244628,48.4088172912597,17
91.0065765380859,18.853364944458,34.1189308166503,-92.639907836914,27.1476764678955,4999.9521484375,-142.012283325195,52.9608573913574,29.1706924438476,21.3042278289794,19.9643154144287,48.3697433471679,17
90.9576721191406,18.8608932495117,34.2477531433105,-92.6567611694336,27.2646903991699,4999.95703125,-141.924194335937,52.9540214538574,29.1329555511474,21.3695850372314,20.017385482788,48.4364051818847,17
90.8591766357421,18.8632354736328,34.3433761596679,-92.7304611206054,27.4238758087158,4999.962890625,-141.903625488281,52.98628616333,29.1246376037597,21.3932189941406,19.9837055206298,48.4328498840332,17
90.6338806152343,18.8885536193847,34.4136276245117,-92.6938018798828,27.5483379364013,4999.96240234375,-141.909408569335,52.9484558105468,29.1768226623535,21.4825038909912,19.9632568359375,48.4748001098632,17
90.6602478027343,18.9335403442382,34.460880279541,-92.6472396850586,27.6361274719238,4999.96142578125,-141.910827636718,52.9247436523437,29.2547969818115,21.5922298431396,19.9313278198242,48.4848251342773,17
90.6440963745117,18.9598350524902,34.485122680664,-92.5506134033203,27.7045841217041,4999.958984375,-141.985717773437,52.8696327209472,29.3641910552978,21.6808013916015,19.9488048553466,48.4977188110351,17
90.7104339599609,18.9793758392334,34.5194587707519,-92.4028396606445,27.7789726257324,4999.95166015625,-142.048416137695,52.8462715148925,29.4398002624511,21.7365264892578,19.9722595214843,48.470905303955,17
90.8341293334961,19.0193786621093,34.6689453125,-92.2250442504882,27.8460292816162,4999.953125,-142.143829345703,52.8183403015136,29.4529685974121,21.7888927459716,19.9377784729003,48.455509185791,17
90.9210128784179,19.076337814331,34.8573303222656,-92.1346817016601,27.9015579223632,4999.95703125,-142.308776855468,52.8190650939941,29.4653244018554,21.8258247375488,19.9130725860595,48.4694213867187,17
91.0042266845703,19.1135368347167,34.9907989501953,-92.084114074707,27.9587421417236,4999.9609375,-142.339767456054,52.8347625732421,29.519338607788,21.8857746124267,19.8953685760498,48.5026206970214,17
91.181640625,19.1085300445556,35.1747856140136,-92.1100921630859,28.0073680877685,4999.95654296875,-142.399688720703,52.8613052368164,29.5319519042968,21.9895839691162,19.8826847076416,48.4459724426269,17
91.2245559692382,19.0693492889404,35.3110771179199,-92.1693420410156,28.0422115325927,4999.9619140625,-142.495666503906,52.8806610107421,29.5170764923095,22.0873794555664,19.8867645263671,48.4386177062988,17
91.2576065063476,19.009443283081,35.3802986145019,-92.0425033569336,28.0782794952392,4999.953125,-142.497314453125,52.835464477539,29.524070739746,22.1554126739501,19.9195919036865,48.3707962036132,17
91.2753601074218,18.94820022583,35.3970870971679,-92.0648803710937,28.0986652374267,4999.958984375,-142.462097167968,52.8321838378906,29.5839462280273,22.2246284484863,19.9335117340087,48.345344543457,17
91.1990814208984,18.8987808227539,35.3970832824707,-92.1202392578125,28.1658821105957,4999.9541015625,-142.47265625,52.8460578918457,29.6338577270507,22.2966156005859,19.9100151062011,48.3297309875488,17
90.9867935180664,18.8597602844238,35.4589614868164,-92.2249221801757,28.3134384155273,4999.958984375,-142.451873779296,52.8568572998046,29.6440410614013,22.3605461120605,19.8931789398193,48.4421615600585,17
91.1180801391601,18.8370418548584,35.543399810791,-92.2330856323242,28.4489784240722,4999.95458984375,-142.27180480957,52.8610076904296,29.6346092224121,22.4083290100097,19.8811149597167,48.3822212219238,17
91.141975402832,18.8434143066406,35.7166519165039,-92.3452758789062,28.5376071929931,4999.9541015625,-142.197372436523,52.9182014465332,29.7167243957519,22.4526271820068,19.8724708557128,48.3379554748535,17
91.1644592285156,18.8436889648437,35.8892021179199,-92.3507537841796,28.6381568908691,4999.958984375,-142.116943359375,52.947509765625,29.7999191284179,22.4702720642089,19.8662757873535,48.2943229675293,17
91.1609268188476,18.8463535308837,36.0248413085937,-92.3636703491211,28.7108707427978,4999.95703125,-142.069869995117,52.951732635498,29.8118362426757,22.4862422943115,19.8618392944335,48.3408584594726,17
91.1450500488281,18.8583316802978,36.182373046875,-92.3827896118164,28.7403144836425,4999.95947265625,-142.02261352539,52.9488449096679,29.7671813964843,22.560317993164,19.858657836914,48.3541755676269,17
90.9888381958007,18.8599834442138,36.3457984924316,-92.4484252929687,28.7789402008056,4999.9619140625,-141.955490112304,52.9268035888671,29.8148040771484,22.6871814727783,19.8563804626464,48.3885498046875,17
91.0365600585937,18.8678684234619,36.4632034301757,-92.628662109375,28.8846035003662,4999.95556640625,-141.875366210937,52.9979858398437,29.9091091156005,22.8092155456542,19.8547477722167,48.4415092468261,17
91.0022888183593,18.9011573791503,36.4769058227539,-92.5854110717773,28.9900474548339,4999.94970703125,-141.837570190429,52.9582862854003,29.9488639831542,22.8930778503417,19.8535766601562,48.4270439147949,17
90.869155883789,18.9377174377441,36.4468879699707,-92.6970672607421,29.0525226593017,4999.95263671875,-141.839233398437,52.9471282958984,29.9911632537841,22.9563980102539,19.8527393341064,48.4099807739257,17
90.7339324951171,18.9639682769775,36.4367332458496,-92.7335357666015,29.0920715332031,4999.951171875,-141.847091674804,52.936424255371,30.0096282958984,23.0133457183837,19.8521385192871,48.4530296325683,17
90.7105331420898,18.9815559387207,36.4777069091796,-92.7565689086914,29.17160987854,4999.95263671875,-141.791183471679,52.9750900268554,30.0882835388183,23.0577068328857,19.851707458496,48.4368858337402,17
90.5326156616211,19.0246658325195,36.5772132873535,-92.5990295410156,29.2950973510742,4999.958984375,-141.802291870117,52.8838386535644,30.1436023712158,23.0891437530517,19.8514003753662,48.4411125183105,17
90.6099472045898,19.0915145874023,36.7487144470214,-92.573616027832,29.3844375610351,4999.95751953125,-141.785354614257,52.8849449157714,30.2102260589599,23.1116695404052,19.8511791229248,48.454418182373,17
90.6108856201171,19.1211376190185,36.9209480285644,-92.5115737915039,29.4628849029541,4999.9560546875,-141.899688720703,52.8726463317871,30.2606620788574,23.1197910308837,19.8510208129882,48.4747886657714,17
90.7356948852539,19.1066932678222,36.9760284423828,-92.4068450927734,29.5417213439941,4999.9521484375,-141.947372436523,52.8764839172363,30.3040313720703,23.129108428955,19.8509063720703,48.5088500976562,17
90.8556976318359,19.0832786560058,36.9772338867187,-92.3519287109375,29.5953292846679,4999.9541015625,-142.060333251953,52.8978538513183,30.3180866241455,23.1403064727783,19.8508262634277,48.5203094482421,17
90.9906387329101,19.0410575866699,36.9811973571777,-92.2001190185546,29.6449890136718,4999.95263671875,-142.186981201171,52.8628768920898,30.3467597961425,23.1489467620849,19.8507671356201,48.5155143737793,17
91.0713119506836,18.9736728668212,37.1027297973632,-92.1288986206054,29.6880321502685,4999.953125,-142.200729370117,52.8525848388671,30.3832969665527,23.1567192077636,19.8507251739501,48.5881729125976,17
91.1729965209961,18.9281311035156,37.2997550964355,-92.1461486816406,29.7255821228027,4999.95751953125,-142.278259277343,52.8646621704101,30.427713394165,23.161750793457,19.8506965637207,48.567699432373,17
91.1831588745117,18.9022598266601,37.4225196838378,-92.1517028808593,29.8016929626464,4999.95947265625,-142.337356567382,52.866111755371,30.4758567810058,23.1671276092529,19.8506736755371,48.473705291748,17
91.2321472167968,18.8640823364257,37.5416183471679,-92.0557022094726,29.8550910949707,4999.95263671875,-142.292999267578,52.8307914733886,30.5158004760742,23.1853256225585,19.850658416748,48.395694732666,17
91.1463775634765,18.8288536071777,37.6400260925293,-92.104377746582,29.8753128051757,4999.95703125,-142.328018188476,52.8406562805175,30.5460891723632,23.1976490020751,19.8506488800048,48.3771018981933,17
91.0972290039062,18.8216075897216,37.7601280212402,-92.2381057739257,29.9534530639648,4999.9619140625,-142.285675048828,52.8861961364746,30.5851097106933,23.2068939208984,19.8506393432617,48.405174255371,17
90.9766082763671,18.8389549255371,37.9107360839843,-92.2146530151367,30.0549449920654,4999.96142578125,-142.172744750976,52.849308013916,30.6048011779785,23.2101306915283,19.8506336212158,48.3593978881835,17
91.0776977539062,18.8505344390869,37.9938201904296,-92.4019393920898,30.1442565917968,4999.9521484375,-142.038009643554,52.9395065307617,30.6389732360839,23.2058887481689,19.8506298065185,48.3887100219726,17
91.0821762084961,18.8559970855712,38.0718193054199,-92.4480209350586,30.2290458679199,4999.96142578125,-141.980361938476,52.9759902954101,30.674482345581,23.2134456634521,19.8506278991699,48.4118766784668,17
91.1029434204101,18.8870811462402,38.2095985412597,-92.4855194091796,30.2971839904785,4999.95654296875,-141.899444580078,52.9741706848144,30.6909751892089,23.2332210540771,19.8506259918212,48.3731307983398,17
91.1162643432617,18.9331188201904,38.3102645874023,-92.5547485351562,30.3684825897216,4999.96337890625,-141.840438842773,53.0143775939941,30.7062835693359,23.2632827758789,19.8506240844726,48.3374633789062,17
91.0975570678711,18.9720401763916,38.3997268676757,-92.5867004394531,30.42626953125,4999.96142578125,-141.801376342773,52.9925918579101,30.7435932159423,23.2883472442626,19.850622177124,48.4013442993164,17
90.9103469848632,19.0194301605224,38.5558204650878,-92.5971755981445,30.5258865356445,4999.96142578125,-141.75991821289,52.9508018493652,30.7863845825195,23.3212242126464,19.850622177124,48.3718185424804,17
90.9165725708007,19.0809898376464,38.7232780456543,-92.6922225952148,30.6079845428466,4999.9501953125,-141.709838867187,52.9907035827636,30.8484096527099,23.3671264648437,19.850622177124,48.351203918457,17
90.8123703002929,19.1267700195312,38.8168449401855,-92.7172393798828,30.6476955413818,4999.94970703125,-141.711761474609,52.9827308654785,30.8711471557617,23.4134883880615,19.850622177124,48.3394432067871,17
90.7642288208007,19.1560115814209,38.8453712463378,-92.7885665893554,30.6730194091796,4999.95263671875,-141.631805419921,52.9533386230468,30.8888130187988,23.453269958496,19.8506202697753,48.3443336486816,17
90.6505661010742,19.1789093017578,38.8598518371582,-92.8987579345703,30.6991844177246,4999.95458984375,-141.6484375,52.9840774536132,30.9403572082519,23.4810466766357,19.8506202697753,48.4121513366699,17
90.5438995361328,19.176565170288,38.9060897827148,-92.8379745483398,30.7921600341796,4999.96142578125,-141.733001708984,52.9569854736328,30.974136352539,23.502025604248,19.8506202697753,48.4556045532226,17
90.420654296875,19.1404399871826,39.0163230895996,-92.8359909057617,30.9289245605468,4999.96337890625,-141.720596313476,52.9418678283691,31.0133399963378,23.5116634368896,19.8506202697753,48.5229759216308,17
90.5218734741211,19.0805511474609,39.1237106323242,-92.7247543334961,31.0443096160888,4999.9599609375,-141.730239868164,52.9346008300781,31.086196899414,23.5270805358886,19.8506202697753,48.5359916687011,17
90.5161361694336,19.0164585113525,39.211326599121,-92.6321868896484,31.1269855499267,4999.9580078125,-141.916152954101,52.9309005737304,31.1319599151611,23.5568046569824,19.8506202697753,48.5804061889648,17
90.727424621582,18.9698410034179,39.2726135253906,-92.4637680053711,31.1923961639404,4999.95947265625,-141.945999145507,52.8942832946777,31.1674041748046,23.5853271484375,19.8506202697753,48.5356292724609,17
90.9000091552734,18.9460163116455,39.3235473632812,-92.3372802734375,31.2439746856689,4999.94775390625,-142.03709411621,52.881778717041,31.2041301727294,23.6264705657959,19.8506202697753,48.536376953125,17
91.0499496459961,18.9324588775634,39.3600387573242,-92.3083190917968,31.2822456359863,4999.9521484375,-142.127838134765,52.9407997131347,31.220100402832,23.6785297393798,19.8506202697753,48.5212745666503,17
90.965347290039,18.9042873382568,39.38618850708,-92.1977844238281,31.3285217285156,4999.9599609375,-142.214706420898,52.8722496032714,31.1896495819091,23.7405986785888,19.8506202697753,48.4652976989746,17
91.0820846557617,18.8814620971679,39.4040756225585,-92.2090530395507,31.3677959442138,4999.9541015625,-142.200149536132,52.863353729248,31.219985961914,23.7942733764648,19.8506202697753,48.3949279785156,17
91.080078125,18.8617515563964,39.411563873291,-92.2365341186523,31.391035079956,4999.9619140625,-142.222747802734,52.8777160644531,31.2644920349121,23.8338890075683,19.8506202697753,48.3603210449218,17
91.036148071289,18.8614902496337,39.4166297912597,-92.191177368164,31.4056797027587,4999.95751953125,-142.230682373046,52.8448677062988,31.2623577117919,23.8626995086669,19.8506202697753,48.330711364746,17
91.0729446411132,18.8964138031005,39.4267387390136,-92.2576828002929,31.4324798583984,4999.95263671875,-142.1298828125,52.8685455322265,31.2775058746337,23.8873138427734,19.8506202697753,48.3414802551269,17
91.0221557617187,18.9390506744384,39.4339790344238,-92.3627090454101,31.5375652313232,4999.95654296875,-142.088653564453,52.8981246948242,31.3086891174316,23.9209575653076,19.8506202697753,48.3237380981445,17
90.8705749511718,18.9647178649902,39.4391708374023,-92.3980331420898,31.6837482452392,4999.9560546875,-141.994155883789,52.8823432922363,31.3773040771484,23.9712219238281,19.8506202697753,48.3409614562988,17
90.9487686157226,18.9797458648681,39.442886352539,-92.5892639160156,31.7671298980712,4999.9521484375,-141.879943847656,52.944164276123,31.4063682556152,24.0207557678222,19.8506202697753,48.3284072875976,17
90.9442443847656,19.0156688690185,39.4455528259277,-92.6776428222656,31.7936706542968,4999.9609375,-141.837829589843,52.9800605773925,31.4513053894042,24.0721740722656,19.8506202697753,48.3057441711425,17
90.9726181030273,19.0854606628417,39.4474601745605,-92.6769180297851,31.8433628082275,4999.9560546875,-141.76936340332,52.9705276489257,31.4672660827636,24.1287384033203,19.8506202697753,48.3407745361328,17
90.9969177246093,19.1396903991699,39.476016998291,-92.674072265625,31.900182723999,4999.9599609375,-141.700317382812,52.9590492248535,31.5095767974853,24.2122707366943,19.8506202697753,48.3236465454101,17
90.9812393188476,19.1797504425048,39.5174331665039,-92.7269439697265,31.9686565399169,4999.9658203125,-141.663299560546,52.9863357543945,31.5316925048828,24.3136177062988,19.8506202697753,48.3908309936523,17
90.7703399658203,19.2057189941406,39.5434303283691,-92.7442398071289,32.0333709716796,4999.9599609375,-141.616790771484,52.9523048400878,31.5620288848876,24.3974437713623,19.8506202697753,48.3946647644043,17
90.7794189453125,19.2105655670166,39.7152671813964,-92.9784317016601,32.0778884887695,4999.95263671875,-141.532592773437,53.0285720825195,31.5555229187011,24.4540767669677,19.8506202697753,48.4411849975585,17
90.6596984863281,19.1905841827392,39.8888092041015,-92.9999618530273,32.1198463439941,4999.94677734375,-141.543045043945,53.0166664123535,31.5772132873535,24.5126571655273,19.8506202697753,48.4538040161132,17
90.5662536621093,19.1524715423584,39.8712692260742,-92.937255859375,32.1463012695312,4999.9580078125,-141.555130004882,52.97652053833,31.6517372131347,24.5657596588134,19.8506202697753,48.5033683776855,17
90.510498046875,19.1041641235351,39.821605682373,-92.9556198120117,32.1627769470214,4999.9541015625,-141.563903808593,52.9898071289062,31.7166366577148,24.5970249176025,19.8506202697753,48.5297355651855,17
90.4674987792968,19.0450687408447,39.7305068969726,-92.9030609130859,32.183120727539,4999.95654296875,-141.623718261718,52.9686241149902,31.8027534484863,24.6279392242431,19.8506202697753,48.507396697998,17
90.3356857299804,19.0037765502929,39.8320388793945,-92.8272628784179,32.211856842041,4999.96337890625,-141.670745849609,52.9179229736328,31.8576850891113,24.6632137298584,19.8506202697753,48.5764274597168,17
90.4934692382812,18.9685440063476,40.1245574951171,-92.7746505737304,32.2802429199218,4999.9609375,-141.684463500976,52.958999633789,31.9063415527343,24.6974906921386,19.8506202697753,48.6068687438964,17
90.5508270263671,18.9393234252929,40.274242401123,-92.6708374023437,32.3577079772949,4999.95556640625,-141.852767944335,52.9259910583496,31.9267139434814,24.7290687561035,19.8506202697753,48.5961380004882,17
90.7082824707031,18.9258766174316,40.3550300598144,-92.5274581909179,32.3898963928222,4999.95703125,-141.959671020507,52.9078178405761,31.9369735717773,24.7516956329345,19.8506202697753,48.625202178955,17
90.8906021118164,18.9059810638427,40.5523796081543,-92.3939819335937,32.4299774169921,4999.953125,-142.023086547851,52.8892211914062,31.9328880310058,24.7653579711914,19.8506202697753,48.5111503601074,17
91.0523223876953,18.9197654724121,40.7183227539062,-92.4244918823242,32.5163345336914,4999.95458984375,-142.041519165039,52.9471206665039,31.9419212341308,24.7782821655273,19.8506202697753,48.5128288269043,17
90.9225921630859,18.9629688262939,40.8343544006347,-92.4604187011718,32.6366348266601,4999.9560546875,-142.116592407226,52.9370231628418,31.9706878662109,24.7943649291992,19.8506202697753,48.5203208923339,17
90.9424743652343,18.985252380371,40.9353561401367,-92.4101943969726,32.7159233093261,4999.95947265625,-142.137832641601,52.894847869873,32.0397453308105,24.8029956817626,19.8642139434814,48.4412651062011,17
90.937515258789,19.0083999633789,41.1376953125,-92.4476242065429,32.7535896301269,4999.95947265625,-142.12629699707,52.9212646484375,32.1238937377929,24.8105335235595,19.8776359558105,48.4196548461914,17
90.940185546875,19.0409927368164,41.4062042236328,-92.4647598266601,32.7622985839843,4999.96044921875,-142.064575195312,52.905517578125,32.1568222045898,24.8307590484619,19.8699779510498,48.405475616455,17
90.9438934326171,19.1027660369873,41.6440773010253,-92.484992980957,32.7631378173828,4999.95263671875,-141.989471435546,52.9244155883789,32.1566658020019,24.8648090362548,19.8644905090332,48.362018585205,17
90.9025573730468,19.1527500152587,41.8153038024902,-92.5497283935546,32.8104667663574,4999.95703125,-141.944305419921,52.9603157043457,32.1721954345703,24.887731552124,19.8605594635009,48.337158203125,17
90.8859329223632,19.1925888061523,41.8781814575195,-92.6244430541992,32.8901710510253,4999.955078125,-141.728408813476,52.9535789489746,32.2301864624023,24.900577545166,19.8577423095703,48.3796234130859,17
90.955078125,19.2275161743164,41.9218444824218,-92.7379074096679,32.9346809387207,4999.953125,-141.639999389648,53.0235176086425,32.3173027038574,24.9338302612304,19.8688907623291,48.3727149963378,17
90.9475708007812,19.2465114593505,42.0331878662109,-92.7437667846679,32.9937477111816,4999.9638671875,-141.621765136718,53.039264678955,32.3902893066406,24.9841976165771,19.8804473876953,48.3244285583496,17
90.9589004516601,19.2450695037841,42.2351989746093,-92.7053527832031,33.0719871520996,4999.95361328125,-141.570587158203,53.0031089782714,32.4279136657714,25.0329780578613,19.871992111206,48.3503952026367,17
90.9437484741211,19.2323188781738,42.3770561218261,-92.7632446289062,33.1487312316894,4999.95556640625,-141.52473449707,52.9963912963867,32.4450492858886,25.0683116912841,19.8659343719482,48.3005867004394,17
90.8059387207031,19.2101917266845,42.4556159973144,-92.9131622314453,33.2015800476074,4999.95947265625,-141.585983276367,53.0319671630859,32.476089477539,25.0961074829101,19.8615932464599,48.3450012207031,17
90.5386047363281,19.1587104797363,42.4929237365722,-92.9861450195312,33.2318267822265,4999.9560546875,-141.573120117187,52.9928474426269,32.5177421569824,25.1114921569824,19.8584823608398,48.3844184875488,17
90.5627136230468,19.0891876220703,42.5071678161621,-93.0489883422851,33.3038368225097,4999.9521484375,-141.455490112304,53.0191421508789,32.5828819274902,25.136791229248,19.8562545776367,48.3388328552246,17
90.5144424438476,19.0294475555419,42.591812133789,-93.0638275146484,33.3995475769043,4999.9541015625,-141.418350219726,52.9957427978515,32.6096267700195,25.2074966430664,19.8546562194824,48.4182662963867,17
90.4326705932617,18.9747676849365,42.7195930480957,-92.995002746582,33.4744262695312,4999.955078125,-141.463195800781,52.9624671936035,32.6226043701171,25.2630023956298,19.8535118103027,48.4126663208007,17
90.3587875366211,18.9276790618896,42.8169021606445,-92.9276351928711,33.5441246032714,4999.95849609375,-141.547744750976,52.9471015930175,32.6235466003418,25.2978515625,19.8526935577392,48.4680671691894,17
90.4019470214843,18.905517578125,42.8362731933593,-92.8568878173828,33.5790405273437,4999.9609375,-141.56851196289,52.9422569274902,32.6359939575195,25.3315315246582,19.8521060943603,48.4336166381835,17
90.3244323730468,18.8956222534179,42.8191833496093,-92.7601470947265,33.5978317260742,4999.9599609375,-141.609603881835,52.9013214111328,32.6676597595214,25.3647079467773,19.8652782440185,48.4721908569335,17
90.3825073242187,18.8953247070312,42.8261375427246,-92.8124160766601,33.6384162902832,4999.95849609375,-141.764419555664,52.9490432739257,32.6966133117675,25.4272270202636,19.9187545776367,48.5916595458984,17
90.5560455322265,18.9394931793212,42.9217147827148,-92.5986862182617,33.6694183349609,4999.95556640625,-141.858200073242,52.8929634094238,32.7341957092285,25.4924144744873,19.9507274627685,48.6014289855957,17
90.7445755004882,18.9838771820068,43.0891342163085,-92.4640350341796,33.6817550659179,4999.95263671875,-141.935546875,52.8959693908691,32.7694816589355,25.5338039398193,19.9491119384765,48.5597877502441,17
90.9370193481445,19.0250167846679,43.1972503662109,-92.4568176269531,33.6905212402343,4999.95263671875,-141.945541381835,52.9199256896972,32.8124961853027,25.5660438537597,19.9683742523193,48.5280303955078,17
91.0076828002929,19.0867195129394,43.2548904418945,-92.3817901611328,33.7187690734863,4999.9541015625,-141.973968505859,52.9333419799804,32.849754333496,25.5850143432617,20.0719470977783,48.4001731872558,17
90.8978881835937,19.1326904296875,43.294448852539,-92.4264144897461,33.809341430664,4999.95849609375,-141.978363037109,52.9253463745117,32.8786697387695,25.5939407348632,20.1619911193847,48.4406280517578,17
90.9430847167968,19.1845970153808,43.2569313049316,-92.3379211425781,33.9466361999511,4999.9541015625,-141.931808471679,52.8779945373535,32.923412322998,25.6032333374023,20.1000633239746,48.4001426696777,17
90.8779373168945,19.2250003814697,43.295669555664,-92.4394989013671,34.0476570129394,4999.9560546875,-141.956573486328,52.927448272705,32.9550437927246,25.6234035491943,20.0628261566162,48.4244079589843,17
90.8169326782226,19.2519626617431,43.4724655151367,-92.4859085083007,34.0927543640136,4999.9619140625,-141.948379516601,52.9104957580566,32.9604415893554,25.6567955017089,20.0026721954345,48.4165611267089,17
90.8886337280273,19.2628936767578,43.5639610290527,-92.5210189819336,34.1244430541992,4999.95166015625,-141.808197021484,52.9420623779296,33.0283813476562,25.6851577758789,19.9595699310302,48.3020401000976,17
90.8566131591796,19.2697353363037,43.6321868896484,-92.5361785888671,34.192024230957,4999.947265625,-141.755187988281,52.9333724975585,33.0616378784179,25.7096118927001,19.9286861419677,48.286823272705,17
90.7336883544921,19.2631473541259,43.7523193359375,-92.6900939941406,34.2662849426269,4999.95263671875,-141.640548706054,52.965721130371,33.1144294738769,25.7271251678466,19.9065570831298,48.320327758789,17
90.8601760864257,19.2335414886474,43.8379287719726,-92.7721557617187,34.3245582580566,4999.9541015625,-141.501205444335,53.000747680664,33.1265182495117,25.74995803833,19.8907012939453,48.3557395935058,17
90.810073852539,19.1972255706787,43.9516639709472,-92.8660202026367,34.3618927001953,4999.9541015625,-141.520050048828,53.0253067016601,33.1052169799804,25.8013114929199,19.8793392181396,48.3918647766113,17
90.7912673950195,19.1414985656738,44.0381927490234,-92.8701248168945,34.387939453125,4999.9560546875,-141.484222412109,53.0134010314941,33.1482772827148,25.8516407012939,19.8711986541748,48.3756103515625,17
90.7527236938476,19.0605144500732,44.0839462280273,-92.8230895996093,34.4306297302246,4999.95361328125,-141.448608398437,52.9652061462402,33.2112998962402,25.887975692749,19.8653659820556,48.3521881103515,17
90.6068267822265,19.0058841705322,44.0913467407226,-92.9361877441406,34.4594764709472,4999.958984375,-141.482025146484,52.9653015136718,33.2415199279785,25.9207649230957,19.8747787475585,48.322883605957,17
90.3863449096679,18.9803485870361,44.1636543273925,-93.0389404296875,34.486717224121,4999.958984375,-141.405288696289,52.9487380981445,33.2848205566406,25.9599323272705,19.9119682312011,48.3727722167968,17
90.356819152832,18.9660949707031,44.288761138916,-93.0567398071289,34.5235137939453,4999.9521484375,-141.35481262207,52.9290809631347,33.3176078796386,26.0082111358642,19.9421825408935,48.3361320495605,17
90.28271484375,18.9737663269042,44.3741569519043,-93.0534973144531,34.5498809814453,4999.95703125,-141.415222167968,52.9307594299316,33.333209991455,26.0433349609375,19.9470977783203,48.3746490478515,17
90.218505859375,19.006492614746,44.3927688598632,-92.9927978515625,34.5607032775878,4999.953125,-141.48924255371,52.8987998962402,33.40625,26.0617942810058,19.9644451141357,48.4176177978515,17
90.276626586914,19.0397853851318,44.4002647399902,-92.9274978637695,34.5696678161621,4999.95166015625,-141.491378784179,52.892162322998,33.4328346252441,26.0824737548828,20.0238227844238,48.4084739685058,17
90.3256301879882,19.0604000091552,44.4105110168457,-92.7918548583984,34.6059608459472,4999.9580078125,-141.587905883789,52.8841285705566,33.4964523315429,26.1240787506103,20.045518875122,48.4791679382324,17
90.3419418334961,19.0723552703857,44.4506568908691,-92.7714385986328,34.6382331848144,4999.95556640625,-141.59829711914,52.8996353149414,33.4981155395507,26.1699981689453,19.9970741271972,48.5536346435546,17
90.5646591186523,19.1175823211669,44.53564453125,-92.6295928955078,34.6739311218261,4999.955078125,-141.639404296875,52.8726119995117,33.5337333679199,26.1965827941894,19.978660583496,48.5184211730957,17
90.6965026855468,19.1778812408447,44.631175994873,-92.5687713623046,34.7499313354492,4999.95458984375,-141.784866333007,52.8998413085937,33.5807647705078,26.2280197143554,19.9423656463623,48.5411491394043,17
90.8589782714843,19.2157764434814,44.6214866638183,-92.5299758911132,34.8406639099121,4999.95654296875,-141.832733154296,52.9059333801269,33.6332855224609,26.2620773315429,19.9163589477539,48.486099243164,17
90.8127136230468,19.2504558563232,44.6500358581543,-92.4732284545898,34.9334831237793,4999.95458984375,-141.967071533203,52.8750801086425,33.6834716796875,26.2872524261474,19.8977241516113,48.4131546020507,17
90.8364715576171,19.2753047943115,44.6423263549804,-92.4364318847656,35.0250091552734,4999.95458984375,-141.954025268554,52.8476448059082,33.6532897949218,26.3016605377197,19.884370803833,48.3338546752929,17
90.7180557250976,19.291576385498,44.7194290161132,-92.4958724975586,35.1290550231933,4999.9599609375,-141.908782958984,52.8490371704101,33.7159194946289,26.3104457855224,19.8748035430908,48.3561172485351,17
90.7933273315429,19.2985343933105,44.851749420166,-92.5748519897461,35.2169075012207,4999.96044921875,-141.805969238281,52.8980369567871,33.767951965332,26.3222980499267,19.8679485321044,48.3963317871093,17
90.744644165039,19.2936630249023,44.8650588989257,-92.5456619262695,35.2752647399902,4999.95947265625,-141.80859375,52.8898582458496,33.7841911315918,26.33638381958,19.863037109375,48.3532218933105,17
90.755744934082,19.2482395172119,44.8724899291992,-92.6218338012695,35.3166999816894,4999.955078125,-141.71467590332,52.928295135498,33.8433609008789,26.3438491821289,19.8595161437988,48.3835868835449,17
90.7375564575195,19.2010402679443,44.9914093017578,-92.7476577758789,35.3927612304687,4999.9560546875,-141.660919189453,52.958152770996,33.8693542480468,26.3450736999511,19.8569946289062,48.3283462524414,17
90.7091217041015,19.1397914886474,45.1157035827636,-92.777359008789,35.4968833923339,4999.958984375,-141.627227783203,52.9653778076171,33.8969993591308,26.3513927459716,19.8551883697509,48.4129943847656,17
90.5566711425781,19.0690288543701,45.1821212768554,-92.8562927246093,35.5666351318359,4999.95751953125,-141.552307128906,52.9573440551757,33.9214248657226,26.3590812683105,19.8538932800292,48.4634666442871,17
90.6602172851562,19.0075931549072,45.2771034240722,-92.9089889526367,35.6238327026367,4999.9541015625,-141.442337036132,52.9749641418457,33.9406127929687,26.3641300201416,19.8529663085937,48.3862533569335,17
90.7151412963867,18.9585018157959,45.3686981201171,-92.9296722412109,35.6803703308105,4999.9560546875,-141.357055664062,52.9809341430664,33.9326744079589,26.3690567016601,19.8591041564941,48.3867797851562,17
90.6681518554687,18.9327640533447,45.4211769104003,-92.9614334106445,35.7196311950683,4999.96044921875,-141.351989746093,53.0092430114746,33.972068786621,26.3723583221435,19.9004306793212,48.3782577514648,17
90.5871658325195,18.9336109161376,45.477970123291,-93.0478439331054,35.7358856201171,4999.955078125,-141.352127075195,53.0340614318847,33.9687881469726,26.3758029937744,19.9772090911865,48.3807792663574,17
